{"cameraMode":{"drawMode":0,"name":"Shaded","section":"Shading Mode"},"sceneLighting":true,"audioPlay":false,"sceneViewState":{"m_AlwaysRefresh":false,"showFog":true,"showSkybox":true,"showFlares":true,"showImageEffects":true,"showParticleSystems":true,"showVisualEffectGraphs":true,"m_FxEnabled":true},"in2DMode":false,"pivot":{"x":-11.741972923278809,"y":-0.40849295258522036,"z":-6.029773712158203},"rotation":{"x":0.03600142151117325,"y":-0.6319122910499573,"z":0.029404817149043084,"w":0.773649275302887},"size":0.8660253882408142,"orthographic":false}